<?xml version="1.0" encoding="UTF-8"?>
<!DOCTYPE beans PUBLIC "-//SPRING//DTD BEAN//EN"
    "http://www.springframework.org/dtd/spring-beans.dtd">

<beans>
	<bean id="propertyConfigurer" class="org.springframework.beans.factory.config.PropertyPlaceholderConfigurer">
		<property name="location"><value>/WEB-INF/classes/config/SampleConfig.properties</value></property>
	</bean>

	<bean id="dataSource" class="org.springframework.jdbc.datasource.DriverManagerDataSource">
		<property name="driverClassName"><value>${jdbc.driverClassName}</value></property>
		<property name="url"><value>${jdbc.url}</value></property>
		<property name="username"><value>${jdbc.username}</value></property>
		<property name="password"><value>${jdbc.password}</value></property>
	</bean>
</beans>